name,email,company,title
Alex Johnson,alex.johnson@techcorp.io,TechCorp,VP of Sales
Sarah Connor,sarah.c@cyberdyne.ai,Cyberdyne AI,Head of Growth
Michael Chen,mchen@growthaccelerator.com,Growth Accelerator,Founder
Elena Rostova,elena.rostova@outreachmasters.net,Outreach Masters,Outreach Director
David Miller,david@nexusventures.co,Nexus Ventures,Partner
Priya Sharma,priya.sharma@innovatehub.org,InnovateHub,Chief Revenue Officer
James Wilson,jwilson@cloudscale.app,CloudScale,VP Marketing
Emily Davis,emily.davis@alphamedia.com,Alpha Media,Lead Gen Manager
Lucas Garcia,lucas@vortexdigital.io,Vortex Digital,CEO
Amina Idris,amina.idris@frontierleads.ai,Frontier Leads,Head of Outreach
